<?xml version="1.0" encoding="UTF-8"?>
<project-private xmlns="http://www.netbeans.org/ns/project-private/1">
    <data xmlns="http://www.netbeans.org/ns/profiler/1" version="0.9.1"/>
    <editor-bookmarks xmlns="http://www.netbeans.org/ns/editor-bookmarks/1"/>
    <open-files xmlns="http://www.netbeans.org/ns/projectui-open-files/1">
        <file>file:/C:/Documents%20and%20Settings/tomoke/Desktop/PDFRenderer%20Build%20Sandbox/src/com/sun/pdfview/font/ttf/HheaTable.java</file>
        <file>file:/C:/Documents%20and%20Settings/tomoke/Desktop/PDFRenderer%20Build%20Sandbox/src/com/sun/pdfview/function/PDFFunction.java</file>
    </open-files>
</project-private>
